"","country.x","condoms","lubricants","prep","pep","needle","ost","naloxone","pit","cbt","lpt","st","apn","art","adherence","pmtct","sti","anc","lawsb","lawss","trainhcw","trainofficers","engage","services","empowerment","violencep","violencem","alpha3","pop","country.y","mention"
"1","Algeria",1,0,0,0,0,0,0,1,1,0,0,0,1,1,0,1,0,1,0,1,0,0,1,1,0,0,"DZA","msm","Algeria",1
"2","Angola",0,0,0,0,0,0,0,0,0,0,0,0,0,0,0,0,0,0,0,0,0,0,0,0,0,0,"AGO","msm","Angola",1
"3","Benin",1,1,0,0,0,0,0,0,0,0,0,0,1,1,0,0,0,0,0,0,0,0,0,0,0,0,"BEN","msm","Benin",1
"4","Botswana",0,0,0,0,0,0,0,0,0,0,0,0,0,0,0,0,0,0,0,0,0,0,0,0,0,0,"BWA","msm","Botswana",0
"5","Burkina Faso",1,0,0,0,0,0,0,0,0,0,0,0,0,0,0,0,0,0,0,0,0,0,1,1,0,0,"BFA","msm","Burkina Faso",1
"6","Burundi",0,1,0,0,0,0,0,1,1,0,0,0,1,1,0,1,0,0,0,1,0,1,1,1,0,0,"BDI","msm","Burundi",1
"7","Cape Verde",1,0,0,0,0,0,0,0,0,0,0,0,1,0,0,0,0,0,0,0,0,0,0,0,0,0,"CPV","msm","Cape Verde",1
"8","Cameroon",1,0,0,0,0,0,0,0,0,0,0,0,0,0,0,1,0,0,0,0,1,0,1,1,0,0,"CMR","msm","Cameroon",1
"9","Central African Republic",1,0,0,0,0,0,0,0,0,0,0,0,0,0,0,1,0,0,0,0,0,0,0,0,0,0,"CAF","msm","Central African Republic",1
"10","Chad",1,1,0,0,0,0,0,0,0,0,0,0,0,0,0,1,0,0,0,0,0,1,1,0,0,0,"TCD","msm","Chad",1
"11","Comoros",0,0,0,0,0,0,0,0,0,0,0,0,0,0,0,0,0,0,0,0,0,0,0,0,0,0,"COM","msm","Comoros",0
"12","Republic of the Congo",1,1,0,0,0,0,0,0,0,0,0,0,0,0,0,1,0,0,0,0,0,1,1,0,0,0,"COG","msm","Congo",1
"13","Côte d’Ivoire",1,1,1,1,0,0,0,1,1,0,1,0,0,0,0,0,0,0,0,0,0,1,0,1,1,0,"CIV","msm","Côte d’Ivoire",1
"14","Democratic Republic of the Republic of the Congo",1,1,0,1,0,0,0,1,1,0,0,0,0,0,0,1,0,0,0,0,0,0,1,0,0,0,"COD","msm","Democratic Republic of the Congo",1
"15","Eritrea",0,0,0,0,0,0,0,0,0,0,0,0,0,0,0,0,0,0,0,0,0,0,0,0,0,0,"ERI","msm","Eritrea",1
"16","Ethiopia",0,0,0,0,0,0,0,0,0,0,0,0,0,0,0,0,0,0,0,0,0,0,0,0,0,0,"ETH","msm","Ethiopia",0
"17","The Gambia",0,0,0,0,0,0,0,0,0,0,0,0,0,0,0,0,0,0,0,0,0,0,0,0,0,0,"GMB","msm","Gambia",0
"18","Ghana",1,1,1,1,0,0,0,0,1,0,1,0,0,1,0,1,0,1,1,1,1,0,0,0,1,0,"GHA","msm","Ghana",1
"19","Guinea",1,1,0,0,0,0,0,0,0,0,0,0,0,0,0,0,0,0,1,0,0,0,1,1,0,0,"GIN","msm","Guinea",1
"20","Guinea-Bissau",1,0,0,0,0,0,0,0,0,0,0,0,0,0,0,0,0,1,0,0,0,0,0,0,0,0,"GNB","msm","Guinea-Bissau",1
"21","Kenya",1,1,1,0,1,1,0,0,0,0,0,0,0,1,0,1,0,1,1,1,1,1,1,0,1,0,"KEN","msm","Kenya",1
"22","Lesotho",1,1,0,0,0,0,0,1,1,0,0,0,1,0,0,1,0,1,1,1,0,0,0,0,0,0,"LSO","msm","Lesotho",1
"23","Liberia",1,1,0,0,0,0,0,0,0,0,0,0,0,0,0,1,0,0,0,0,0,0,0,1,0,0,"LBR","msm","Liberia",1
"24","Madagascar",1,1,0,0,0,0,0,0,0,0,0,0,0,0,0,0,0,0,0,0,0,1,1,0,0,0,"MDG","msm","Madagascar",1
"25","Malawi",1,1,0,1,0,0,0,1,1,0,0,0,0,0,0,1,0,1,0,1,1,0,0,0,1,0,"MWI","msm","Malawi",1
"26","Mali",1,1,0,0,0,0,0,0,0,0,0,0,0,0,0,0,0,0,0,1,0,1,1,0,0,0,"MLI","msm","Mali",1
"27","Mauritania",1,0,0,0,0,0,0,0,0,0,0,0,0,0,0,1,0,0,0,0,0,0,0,0,0,0,"MRT","msm","Mauritania",1
"28","Mauritius",1,0,0,0,0,0,0,0,0,0,0,0,0,0,0,0,0,1,1,0,0,0,1,1,0,0,"MUS","msm","Mauritius",1
"29","Mozambique",1,1,0,0,0,0,0,0,0,0,0,0,0,0,0,0,0,0,0,0,0,0,0,0,0,0,"MOZ","msm","Mozambique",1
"30","Namibia",1,0,0,0,0,0,0,0,0,0,0,0,0,0,0,1,0,0,0,0,0,0,0,0,0,0,"NAM","msm","Nambia",1
"31","Niger",1,1,0,0,0,0,0,0,1,0,0,0,0,0,0,0,0,1,0,1,0,1,1,1,0,0,"NER","msm","Niger",1
"32","Nigeria",1,1,1,1,0,0,0,0,0,0,0,0,0,0,0,0,0,0,1,0,0,0,0,0,0,0,"NGA","msm","Nigeria",1
"33","Rwanda",1,1,0,1,0,0,0,0,0,0,0,0,1,1,0,1,0,0,1,1,1,1,1,0,1,0,"RWA","msm","Rwanda",1
"34","Sao Tome and Principe",1,0,0,0,0,0,0,0,0,0,0,0,0,0,0,0,0,0,0,0,0,0,0,0,0,0,"STP","msm","Sao Tome and Principe",1
"35","Senegal",1,1,0,0,0,0,0,0,0,0,0,0,0,0,0,1,0,0,0,0,1,0,0,1,0,0,"SEN","msm","Senegal",1
"36","Seychelles",0,0,0,0,1,1,0,0,0,0,0,0,0,0,0,0,0,0,0,0,0,0,0,0,0,0,"SYC","msm","Seychelles",1
"37","Sierra Leone",1,1,0,0,0,0,0,0,0,0,0,0,0,1,0,0,0,1,0,1,0,1,1,1,1,0,"SLE","msm","Sierra Leone",1
"38","South Africa",1,0,1,0,0,0,0,0,0,0,0,0,0,0,0,1,0,0,0,0,0,0,1,0,0,0,"ZAF","msm","South Africa",1
"39","South Sudan",1,1,1,1,0,0,0,0,0,0,0,0,0,1,0,1,0,0,1,1,1,1,1,1,1,0,"SSD","msm","South Sudan",1
"40","Swaziland",1,0,0,0,0,0,0,0,0,0,0,0,0,1,0,1,0,0,1,1,0,1,1,0,0,0,"SWZ","msm","Swaziland",1
"41","Togo",1,1,0,0,0,0,0,1,0,0,0,0,1,0,0,0,0,1,1,0,1,0,1,0,0,0,"TGO","msm","Togo",1
"42","Uganda",1,0,0,0,0,0,0,0,0,0,0,0,1,1,0,1,0,0,1,0,0,1,1,0,0,0,"UGA","msm","Uganda",1
"43","Tanzania, United Republic of",1,0,0,0,0,0,0,0,1,0,0,0,1,1,0,1,0,0,1,1,0,1,1,0,0,0,"TZA","msm","United Republic of Tanzania",1
"44","Zambia",1,0,0,0,0,0,0,1,1,0,1,0,1,1,0,1,0,0,1,0,0,1,1,0,0,0,"ZMB","msm","Zambia",1
"45","Zimbabwe",1,0,0,0,0,0,0,0,0,0,0,0,1,0,0,1,0,1,1,0,0,1,1,0,0,0,"ZWE","msm","Zimbabwe",1
"46","Algeria",1,0,0,0,0,0,0,1,1,0,0,0,1,1,0,1,0,1,0,1,0,0,1,1,0,0,"DZA","pris","Algeria",1
"47","Angola",0,0,0,0,0,0,0,0,0,0,0,0,0,0,0,0,0,0,0,0,0,0,0,0,0,0,"AGO","pris","Angola",1
"48","Benin",1,0,0,0,0,0,0,0,0,0,0,0,1,1,0,0,0,0,0,0,0,0,0,0,0,0,"BEN","pris","Benin",1
"49","Botswana",0,0,0,0,0,0,0,0,0,0,0,0,0,0,0,0,0,0,0,0,0,0,0,0,0,0,"BWA","pris","Botswana",0
"50","Burkina Faso",0,0,0,0,0,0,0,0,0,0,0,0,0,0,0,0,0,0,0,0,0,0,0,0,0,0,"BFA","pris","Burkina Faso",1
"51","Burundi",0,0,0,0,0,0,0,1,1,0,0,0,0,0,0,0,0,0,0,1,0,1,1,1,0,0,"BDI","pris","Burundi",1
"52","Cape Verde",1,0,0,0,0,0,0,0,0,0,0,0,1,0,0,0,0,0,0,0,0,0,0,0,0,0,"CPV","pris","Cape Verde",1
"53","Cameroon",1,0,0,0,0,0,0,0,0,0,0,0,0,0,0,1,0,0,0,0,1,0,1,1,0,0,"CMR","pris","Cameroon",1
"54","Central African Republic",1,0,0,0,0,0,0,0,0,0,0,0,0,0,0,0,0,0,0,0,0,0,0,0,0,0,"CAF","pris","Central African Republic",1
"55","Chad",1,0,0,0,0,0,0,0,0,0,0,0,0,0,0,1,0,0,0,0,0,1,1,0,0,0,"TCD","pris","Chad",1
"56","Comoros",0,0,0,0,0,0,0,0,0,0,0,0,0,0,0,0,0,0,0,0,0,0,0,0,0,0,"COM","pris","Comoros",1
"57","Republic of the Congo",1,0,0,0,0,0,0,0,0,0,0,0,0,0,0,1,0,0,0,0,0,1,1,0,0,0,"COG","pris","Congo",1
"58","Côte d’Ivoire",0,0,1,1,0,0,0,1,1,0,1,0,0,0,0,0,0,0,0,0,0,1,0,1,1,0,"CIV","pris","Côte d’Ivoire",1
"59","Democratic Republic of the Republic of the Congo",0,0,0,0,0,0,0,0,0,0,0,0,0,0,0,0,0,0,0,0,0,0,0,0,0,0,"COD","pris","Democratic Republic of the Congo",1
"60","Eritrea",1,1,1,0,0,0,0,1,0,0,0,0,1,0,0,0,0,1,0,0,1,0,0,1,1,0,"ERI","pris","Eritrea",1
"61","Ethiopia",0,0,0,0,0,0,0,1,0,0,0,0,0,0,0,1,0,0,0,0,0,0,0,0,0,0,"ETH","pris","Ethiopia",1
"62","The Gambia",0,0,0,0,0,0,0,0,0,0,0,0,0,0,0,1,0,0,0,0,0,0,0,0,0,0,"GMB","pris","Gambia",1
"63","Ghana",1,1,0,0,0,0,0,0,1,0,0,0,0,0,0,1,0,0,0,0,0,0,0,0,0,0,"GHA","pris","Ghana",1
"64","Guinea",0,0,0,0,0,0,0,0,0,0,0,0,0,0,0,0,0,0,1,0,0,0,1,1,0,0,"GIN","pris","Guinea",1
"65","Guinea-Bissau",1,0,0,0,0,0,0,0,0,0,0,0,0,0,0,0,0,0,0,0,0,0,0,0,0,0,"GNB","pris","Guinea-Bissau",1
"66","Kenya",1,1,1,0,1,1,0,0,0,0,0,0,0,1,0,1,0,1,1,1,1,1,1,0,1,0,"KEN","pris","Kenya",1
"67","Lesotho",1,1,0,0,0,0,0,1,1,0,0,0,1,0,0,1,0,0,0,0,0,0,0,0,0,0,"LSO","pris","Lesotho",1
"68","Liberia",0,0,0,0,0,0,0,0,0,0,0,0,0,0,0,0,0,0,0,0,0,0,0,0,0,0,"LBR","pris","Liberia",0
"69","Madagascar",1,0,0,0,0,0,0,0,0,0,0,0,0,0,0,0,0,0,0,0,0,0,0,0,0,0,"MDG","pris","Madagascar",1
"70","Malawi",0,0,0,0,0,0,0,1,0,0,0,0,0,0,0,0,0,0,0,0,0,0,0,0,0,0,"MWI","pris","Malawi",1
"71","Mali",0,0,0,0,0,0,0,0,0,0,0,0,0,0,0,0,0,0,0,0,0,0,0,0,0,0,"MLI","pris","Mali",1
"72","Mauritania",1,0,0,0,0,0,0,0,0,0,0,0,0,0,0,1,0,0,0,0,0,0,0,0,0,0,"MRT","pris","Mauritania",1
"73","Mauritius",1,0,0,0,0,1,0,0,0,0,0,0,0,0,0,0,0,0,0,0,0,0,0,0,0,0,"MUS","pris","Mauritius",1
"74","Mozambique",1,1,0,0,0,0,0,0,0,0,0,0,0,0,0,0,0,0,0,0,0,0,0,0,0,0,"MOZ","pris","Mozambique",1
"75","Namibia",0,0,0,0,0,0,0,0,0,0,0,0,0,0,0,1,0,0,0,0,0,0,0,0,0,0,"NAM","pris","Nambia",1
"76","Niger",1,0,0,0,0,0,0,0,1,0,0,0,0,0,0,0,0,0,0,1,0,1,1,1,0,0,"NER","pris","Niger",1
"77","Nigeria",0,0,0,0,0,0,0,0,0,0,0,0,0,0,0,0,0,0,0,0,0,0,0,0,0,0,"NGA","pris","Nigeria",1
"78","Rwanda",1,0,0,0,0,0,0,0,0,0,0,0,0,0,0,0,0,0,0,0,0,0,0,0,0,0,"RWA","pris","Rwanda",1
"79","Sao Tome and Principe",1,0,0,0,0,0,0,0,0,0,0,0,0,0,0,0,0,0,0,0,0,0,0,0,0,0,"STP","pris","Sao Tome and Principe",1
"80","Senegal",0,0,0,0,0,0,0,0,0,0,0,0,0,0,0,0,0,0,0,0,0,0,0,0,0,0,"SEN","pris","Senegal",1
"81","Seychelles",0,0,0,0,1,1,0,0,0,0,0,0,0,0,0,0,0,0,0,0,0,0,0,0,0,0,"SYC","pris","Seychelles",1
"82","Sierra Leone",1,1,0,0,0,0,0,0,0,0,0,0,0,1,0,0,0,0,0,0,0,1,1,1,1,0,"SLE","pris","Sierra Leone",1
"83","South Africa",1,0,1,0,0,0,0,0,0,0,0,0,0,0,0,1,0,0,0,0,0,0,1,0,1,0,"ZAF","pris","South Africa",1
"84","South Sudan",0,0,0,0,0,0,0,0,0,0,0,0,0,0,0,0,0,0,0,0,0,0,0,0,0,0,"SSD","pris","South Sudan",0
"85","Swaziland",0,0,0,0,0,0,0,0,0,0,0,0,0,1,0,1,0,0,0,1,0,1,1,0,0,0,"SWZ","pris","Swaziland",1
"86","Togo",1,1,0,0,0,0,0,0,0,0,0,0,0,0,0,0,0,0,0,0,0,0,0,0,0,0,"TGO","pris","Togo",1
"87","Uganda",1,0,0,0,0,0,0,0,0,0,0,0,1,1,0,1,0,0,1,0,0,1,1,0,0,0,"UGA","pris","Uganda",1
"88","Tanzania, United Republic of",1,0,0,0,0,0,0,0,1,0,0,0,1,1,0,1,0,0,1,1,0,1,1,0,0,0,"TZA","pris","United Republic of Tanzania",1
"89","Zambia",1,0,0,0,0,0,0,1,1,0,1,0,1,1,0,0,0,0,1,0,0,1,1,0,0,0,"ZMB","pris","Zambia",1
"90","Zimbabwe",1,0,0,0,0,0,0,0,0,0,0,0,1,0,1,1,1,1,1,0,0,1,1,0,0,0,"ZWE","pris","Zimbabwe",1
"91","Algeria",1,0,0,0,1,0,0,1,1,0,0,0,1,1,0,1,0,1,0,1,0,0,1,1,0,0,"DZA","pwid","Algeria",1
"92","Angola",0,0,0,0,0,0,0,0,0,0,0,0,0,0,0,0,0,0,0,0,0,0,0,0,0,0,"AGO","pwid","Angola",0
"93","Benin",1,1,0,0,0,0,0,0,0,0,0,0,1,1,0,0,0,0,0,0,0,0,0,0,0,0,"BEN","pwid","Benin",1
"94","Botswana",0,0,0,0,0,0,0,0,0,0,0,0,0,0,0,0,0,0,0,0,0,0,0,0,0,0,"BWA","pwid","Botswana",0
"95","Burkina Faso",1,0,0,0,1,0,0,0,0,0,0,0,0,0,0,0,0,0,0,0,0,0,1,1,0,0,"BFA","pwid","Burkina Faso",1
"96","Burundi",0,0,0,0,0,0,0,1,1,0,0,0,0,0,0,0,0,0,0,1,0,1,1,1,0,0,"BDI","pwid","Burundi",1
"97","Cape Verde",1,0,0,0,0,0,0,0,0,0,0,0,1,0,0,0,0,0,0,0,0,0,0,0,0,0,"CPV","pwid","Cape Verde",1
"98","Cameroon",1,0,0,0,0,0,0,0,0,0,0,0,0,0,0,1,0,0,0,0,1,0,1,1,0,0,"CMR","pwid","Cameroon",1
"99","Central African Republic",0,0,0,0,0,0,0,0,0,0,0,0,0,0,0,0,0,0,0,0,0,0,0,0,0,0,"CAF","pwid","Central African Republic",1
"100","Chad",0,0,0,0,0,0,0,0,0,0,0,0,0,0,0,0,0,0,0,0,0,0,0,0,0,0,"TCD","pwid","Chad",1
"101","Comoros",0,0,0,0,0,0,0,0,0,0,0,0,0,0,0,0,0,0,0,0,0,0,0,0,0,0,"COM","pwid","Comoros",1
"102","Republic of the Congo",0,0,0,0,0,0,0,0,0,0,0,0,0,0,0,0,0,0,0,0,0,0,0,0,0,0,"COG","pwid","Congo",1
"103","Côte d’Ivoire",1,0,1,1,0,0,0,1,1,0,1,0,0,0,0,0,0,0,0,0,0,1,0,1,1,0,"CIV","pwid","Côte d’Ivoire",1
"104","Democratic Republic of the Republic of the Congo",1,0,0,1,0,0,0,1,1,0,0,0,0,0,0,1,0,0,0,0,0,0,1,0,0,0,"COD","pwid","Democratic Republic of the Congo",1
"105","Eritrea",0,0,0,0,1,1,0,0,0,0,0,0,0,0,0,0,0,0,0,0,0,0,0,0,0,0,"ERI","pwid","Eritrea",1
"106","Ethiopia",0,0,0,0,0,0,0,0,0,0,0,0,0,0,0,0,0,0,0,0,0,0,0,0,0,0,"ETH","pwid","Ethiopia",0
"107","The Gambia",0,0,0,0,0,0,0,0,0,0,0,0,0,0,0,0,0,0,0,0,0,0,0,0,0,0,"GMB","pwid","Gambia",1
"108","Ghana",1,1,0,0,0,0,0,0,1,0,0,0,0,0,0,1,0,1,1,0,0,0,0,0,1,0,"GHA","pwid","Ghana",1
"109","Guinea",1,0,0,0,1,0,0,0,0,0,0,0,0,0,0,0,0,0,1,0,0,0,1,1,0,0,"GIN","pwid","Guinea",1
"110","Guinea-Bissau",0,0,0,0,0,0,0,0,0,0,0,0,0,0,0,0,0,0,0,0,0,0,0,0,0,0,"GNB","pwid","Guinea-Bissau",0
"111","Kenya",1,1,1,0,1,1,0,0,0,0,0,0,0,1,0,1,0,1,1,1,1,1,1,0,1,0,"KEN","pwid","Kenya",1
"112","Lesotho",0,0,0,0,0,0,0,0,0,0,0,0,0,0,0,0,0,0,0,0,0,0,0,0,0,0,"LSO","pwid","Lesotho",1
"113","Liberia",1,1,0,0,0,0,0,0,0,0,0,0,0,0,0,1,0,0,0,0,0,0,0,1,0,0,"LBR","pwid","Liberia",1
"114","Madagascar",1,0,0,0,1,0,0,0,0,0,0,0,0,0,0,0,0,1,0,0,0,1,1,0,0,0,"MDG","pwid","Madagascar",1
"115","Malawi",0,0,0,0,0,0,0,0,0,0,0,0,0,0,0,0,0,0,0,0,0,0,0,0,0,0,"MWI","pwid","Malawi",0
"116","Mali",1,0,0,0,1,0,0,0,0,0,0,0,1,0,0,0,0,0,0,1,0,1,1,0,0,0,"MLI","pwid","Mali",1
"117","Mauritania",0,0,0,0,0,0,0,0,0,0,0,0,0,0,0,0,0,0,0,0,0,0,0,0,0,0,"MRT","pwid","Mauritania",0
"118","Mauritius",1,0,0,0,1,1,1,0,0,0,0,0,0,0,0,0,0,1,1,0,0,0,1,1,0,0,"MUS","pwid","Mauritius",1
"119","Mozambique",1,1,0,0,0,0,0,0,0,0,0,0,0,0,0,0,0,0,0,0,0,0,0,0,0,0,"MOZ","pwid","Mozambique",1
"120","Namibia",0,0,0,0,0,0,0,0,0,0,0,0,0,0,0,1,0,0,0,0,0,0,0,0,0,0,"NAM","pwid","Nambia",1
"121","Niger",0,0,0,0,0,0,0,0,0,0,0,0,0,0,0,0,0,0,0,0,0,0,0,0,0,0,"NER","pwid","Niger",1
"122","Nigeria",1,1,1,1,1,0,0,0,0,0,0,0,0,0,0,0,0,0,1,0,0,0,0,0,0,0,"NGA","pwid","Nigeria",1
"123","Rwanda",1,0,0,0,0,0,0,0,0,0,0,0,0,0,0,0,0,0,0,0,0,0,0,0,0,0,"RWA","pwid","Rwanda",1
"124","Sao Tome and Principe",0,0,0,0,1,0,0,0,0,0,0,0,0,0,0,0,0,0,0,0,0,0,0,0,0,0,"STP","pwid","Sao Tome and Principe",1
"125","Senegal",1,1,0,0,1,1,0,0,0,0,0,0,0,0,0,1,0,0,0,0,1,0,0,1,0,0,"SEN","pwid","Senegal",1
"126","Seychelles",0,0,0,0,1,1,0,0,0,0,0,0,0,0,0,0,0,0,0,0,0,0,0,0,0,0,"SYC","pwid","Seychelles",1
"127","Sierra Leone",1,1,0,0,0,0,0,0,0,0,0,0,0,1,0,0,0,1,0,1,0,1,1,1,1,0,"SLE","pwid","Sierra Leone",1
"128","South Africa",1,0,1,0,0,0,0,0,0,0,0,0,0,0,0,1,0,0,0,0,0,0,1,0,0,0,"ZAF","pwid","South Africa",1
"129","South Sudan",0,0,0,0,1,1,0,0,0,0,0,0,0,0,0,0,0,0,0,0,0,0,0,0,0,0,"SSD","pwid","South Sudan",1
"130","Swaziland",0,0,0,0,0,1,0,0,0,0,0,0,0,1,0,1,0,0,1,1,0,1,1,0,0,0,"SWZ","pwid","Swaziland",1
"131","Togo",1,1,0,0,0,0,0,1,0,0,0,0,1,0,0,0,0,1,1,0,1,0,1,0,0,0,"TGO","pwid","Togo",1
"132","Uganda",0,0,0,0,0,0,0,0,0,0,0,0,0,0,0,0,0,0,0,0,0,0,0,0,0,0,"UGA","pwid","Uganda",1
"133","Tanzania, United Republic of",1,0,0,0,1,0,0,0,1,0,0,0,1,1,0,1,0,0,1,1,0,1,1,0,0,0,"TZA","pwid","United Republic of Tanzania",1
"134","Zambia",1,0,0,0,1,0,0,1,1,0,1,0,1,1,0,1,0,0,1,0,0,1,1,0,0,0,"ZMB","pwid","Zambia",1
"135","Zimbabwe",0,0,0,0,1,1,1,0,0,0,0,0,0,0,0,0,0,0,0,0,0,0,0,0,0,0,"ZWE","pwid","Zimbabwe",0
"136","Algeria",1,0,0,0,0,0,0,1,1,0,0,0,1,1,0,1,1,1,0,1,0,0,1,1,0,0,"DZA","sw","Algeria",1
"137","Angola",0,0,0,0,0,0,0,0,0,0,0,0,0,0,0,0,0,0,0,0,0,0,0,0,0,0,"AGO","sw","Angola",1
"138","Benin",1,1,0,0,1,0,0,0,0,0,0,0,1,1,0,0,0,0,0,0,0,0,0,0,0,0,"BEN","sw","Benin",1
"139","Botswana",0,0,0,0,0,0,0,0,0,0,0,0,0,0,0,0,0,0,0,0,0,0,0,0,0,0,"BWA","sw","Botswana",1
"140","Burkina Faso",1,0,0,0,0,0,0,0,0,0,0,0,0,0,0,0,0,0,0,0,0,0,1,1,0,0,"BFA","sw","Burkina Faso",1
"141","Burundi",0,0,0,0,0,0,0,1,1,0,0,0,1,1,0,1,0,0,0,1,0,1,1,1,0,0,"BDI","sw","Burundi",1
"142","Cape Verde",1,0,0,0,0,0,0,0,0,0,0,0,1,0,0,0,0,0,0,0,0,0,0,0,0,0,"CPV","sw","Cape Verde",1
"143","Cameroon",1,0,0,0,0,0,0,0,0,0,0,0,0,0,0,1,0,0,0,0,1,0,1,1,0,0,"CMR","sw","Cameroon",1
"144","Central African Republic",1,0,0,0,0,0,0,0,0,0,0,0,0,0,0,1,0,0,0,0,0,0,0,0,0,0,"CAF","sw","Central African Republic",1
"145","Chad",1,0,0,0,0,0,0,0,0,0,0,0,0,0,0,1,0,0,0,0,0,1,1,0,0,0,"TCD","sw","Chad",1
"146","Comoros",1,0,0,0,0,0,0,0,0,0,0,0,0,0,0,0,0,0,0,0,0,0,0,0,0,0,"COM","sw","Comoros",1
"147","Republic of the Congo",1,0,0,0,0,0,0,0,0,0,0,0,0,0,0,1,0,0,0,0,0,1,1,0,0,0,"COG","sw","Congo",1
"148","Côte d’Ivoire",1,1,1,1,0,0,0,1,1,0,1,0,0,0,0,0,0,0,0,0,0,1,0,1,1,0,"CIV","sw","Côte d’Ivoire",1
"149","Democratic Republic of the Republic of the Congo",1,1,0,1,0,0,0,1,1,0,0,0,0,0,0,1,0,1,0,0,0,0,1,1,0,0,"COD","sw","Democratic Republic of the Congo",1
"150","Eritrea",1,1,1,0,0,0,0,1,0,0,0,0,1,0,0,0,0,1,0,0,1,0,0,1,1,0,"ERI","sw","Eritrea",1
"151","Ethiopia",1,0,0,0,0,0,0,1,0,0,0,0,0,0,0,1,1,0,0,0,0,0,0,0,0,0,"ETH","sw","Ethiopia",1
"152","The Gambia",0,0,0,0,0,0,0,0,0,0,0,0,0,0,0,1,0,0,0,0,0,1,1,0,1,0,"GMB","sw","Gambia",1
"153","Ghana",1,1,0,0,0,0,0,0,1,0,0,0,0,0,0,1,0,1,1,0,0,0,0,0,1,0,"GHA","sw","Ghana",1
"154","Guinea",1,1,0,0,0,0,0,0,0,0,0,0,0,0,0,0,0,0,1,0,0,0,1,1,0,0,"GIN","sw","Guinea",1
"155","Guinea-Bissau",1,0,0,0,0,0,0,0,0,0,0,0,0,0,0,0,0,1,0,0,0,0,0,0,0,0,"GNB","sw","Guinea-Bissau",1
"156","Kenya",1,1,1,0,1,1,0,0,0,0,0,0,0,1,0,1,0,1,1,1,1,1,1,0,1,0,"KEN","sw","Kenya",1
"157","Lesotho",1,1,0,0,0,0,0,1,1,0,0,0,1,0,0,1,0,1,1,1,0,0,0,0,0,0,"LSO","sw","Lesotho",1
"158","Liberia",1,1,0,0,0,0,0,0,0,0,0,0,0,0,0,1,0,0,0,0,0,0,0,1,0,0,"LBR","sw","Liberia",1
"159","Madagascar",1,0,0,0,0,0,0,0,0,0,0,0,0,0,0,0,0,0,0,0,0,1,1,0,0,0,"MDG","sw","Madagascar",1
"160","Malawi",1,1,0,0,0,0,0,1,0,0,0,0,0,0,0,1,0,1,0,1,1,0,0,0,1,0,"MWI","sw","Malawi",1
"161","Mali",1,1,0,0,0,0,0,0,0,0,0,0,1,0,0,0,0,0,0,1,0,1,1,0,0,0,"MLI","sw","Mali",1
"162","Mauritania",1,0,0,0,0,0,0,0,0,0,0,0,0,0,0,1,0,0,0,0,0,0,0,0,0,0,"MRT","sw","Mauritania",1
"163","Mauritius",1,1,0,0,1,0,0,0,0,0,0,0,0,0,0,1,0,1,1,0,0,0,1,1,0,0,"MUS","sw","Mauritius",1
"164","Mozambique",1,1,0,0,0,0,0,0,0,0,0,0,0,0,0,0,0,0,0,0,0,0,0,0,0,0,"MOZ","sw","Mozambique",1
"165","Namibia",1,0,0,0,0,0,0,0,0,0,0,0,0,0,0,1,0,0,0,0,0,0,0,0,0,0,"NAM","sw","Nambia",1
"166","Niger",1,1,0,0,0,0,0,0,1,0,0,0,0,0,0,0,0,1,0,1,0,1,1,1,0,0,"NER","sw","Niger",1
"167","Nigeria",1,1,1,1,0,0,0,0,0,0,0,0,0,0,0,0,0,0,1,0,0,0,0,0,0,0,"NGA","sw","Nigeria",1
"168","Rwanda",1,0,0,1,0,0,0,0,0,0,0,0,1,1,0,1,0,0,1,1,1,1,1,0,1,0,"RWA","sw","Rwanda",1
"169","Sao Tome and Principe",1,0,0,0,0,0,0,0,0,0,0,0,0,0,0,0,0,0,0,0,0,0,0,0,0,0,"STP","sw","Sao Tome and Principe",1
"170","Senegal",1,1,0,0,0,0,0,0,0,0,0,0,0,0,0,1,0,0,0,0,1,0,0,1,0,0,"SEN","sw","Senegal",1
"171","Seychelles",0,0,0,0,1,1,0,0,0,0,0,0,0,0,0,0,0,0,0,0,0,0,0,0,0,0,"SYC","sw","Seychelles",1
"172","Sierra Leone",1,1,0,0,0,0,0,0,0,0,0,0,0,1,0,0,0,1,0,1,0,1,1,1,1,0,"SLE","sw","Sierra Leone",1
"173","South Africa",1,0,1,0,0,0,0,0,0,0,0,0,0,0,0,1,0,0,0,0,0,0,1,0,0,0,"ZAF","sw","South Africa",1
"174","South Sudan",1,1,1,1,0,0,0,0,0,0,0,0,0,1,1,1,1,0,1,1,1,1,1,1,1,0,"SSD","sw","South Sudan",1
"175","Swaziland",1,0,0,0,0,0,0,0,0,0,0,0,0,1,0,1,0,0,1,1,0,1,1,0,0,0,"SWZ","sw","Swaziland",1
"176","Togo",1,1,0,0,0,0,0,1,0,0,0,0,1,0,0,0,0,1,1,0,1,0,1,0,0,0,"TGO","sw","Togo",1
"177","Uganda",1,0,0,0,0,0,0,0,0,0,0,0,1,1,0,1,0,0,1,0,0,1,1,0,0,0,"UGA","sw","Uganda",1
"178","Tanzania, United Republic of",1,0,0,0,0,0,0,0,1,0,0,0,1,1,0,1,0,0,1,1,0,1,1,0,0,0,"TZA","sw","United Republic of Tanzania",1
"179","Zambia",1,0,0,0,0,0,0,1,1,0,1,0,1,1,0,1,0,0,1,0,0,1,1,0,0,0,"ZMB","sw","Zambia",1
"180","Zimbabwe",1,0,0,0,0,0,0,0,0,0,0,0,1,0,1,1,1,1,1,0,0,1,1,0,1,0,"ZWE","sw","Zimbabwe",1
"181","Algeria",0,0,0,0,0,0,0,0,0,0,0,0,0,0,0,0,0,0,0,0,0,0,0,0,0,0,"DZA","tg","Algeria",0
"182","Angola",0,0,0,0,0,0,0,0,0,0,0,0,0,0,0,0,0,0,0,0,0,0,0,0,0,0,"AGO","tg","Angola",0
"183","Benin",0,0,0,0,0,0,0,0,0,0,0,0,0,0,0,0,0,0,0,0,0,0,0,0,0,0,"BEN","tg","Benin",0
"184","Botswana",0,0,0,0,0,0,0,0,0,0,0,0,0,0,0,0,0,0,0,0,0,0,0,0,0,0,"BWA","tg","Botswana",0
"185","Burkina Faso",0,0,0,0,0,0,0,0,0,0,0,0,0,0,0,0,0,0,0,0,0,0,0,0,0,0,"BFA","tg","Burkina Faso",0
"186","Burundi",0,0,0,0,0,0,0,0,0,0,0,0,0,0,0,0,0,0,0,0,0,0,0,0,0,0,"BDI","tg","Burundi",0
"187","Cape Verde",0,0,0,0,0,0,0,0,0,0,0,0,0,0,0,0,0,0,0,0,0,0,0,0,0,0,"CPV","tg","Cape Verde",0
"188","Cameroon",0,0,0,0,0,0,0,0,0,0,0,0,0,0,0,0,0,0,0,0,0,0,0,0,0,0,"CMR","tg","Cameroon",0
"189","Central African Republic",0,0,0,0,0,0,0,0,0,0,0,0,0,0,0,0,0,0,0,0,0,0,0,0,0,0,"CAF","tg","Central African Republic",0
"190","Chad",0,0,0,0,0,0,0,0,0,0,0,0,0,0,0,0,0,0,0,0,0,0,0,0,0,0,"TCD","tg","Chad",0
"191","Comoros",0,0,0,0,0,0,0,0,0,0,0,0,0,0,0,0,0,0,0,0,0,0,0,0,0,0,"COM","tg","Comoros",0
"192","Republic of the Congo",0,0,0,0,0,0,0,0,0,0,0,0,0,0,0,0,0,0,0,0,0,0,0,0,0,0,"COG","tg","Congo",0
"193","Côte d’Ivoire",0,0,0,0,0,0,0,0,0,0,0,0,0,0,0,0,0,0,0,0,0,0,0,0,0,0,"CIV","tg","Côte d’Ivoire",0
"194","Democratic Republic of the Republic of the Congo",0,0,0,0,0,0,0,0,0,0,0,0,0,0,0,0,0,0,0,0,0,0,0,0,0,0,"COD","tg","Democratic Republic of the Congo",0
"195","Eritrea",0,0,0,0,0,0,0,0,0,0,0,0,0,0,0,0,0,0,0,0,0,0,0,0,0,0,"ERI","tg","Eritrea",0
"196","Ethiopia",0,0,0,0,0,0,0,0,0,0,0,0,0,0,0,0,0,0,0,0,0,0,0,0,0,0,"ETH","tg","Ethiopia",0
"197","The Gambia",0,0,0,0,0,0,0,0,0,0,0,0,0,0,0,0,0,0,0,0,0,0,0,0,0,0,"GMB","tg","Gambia",0
"198","Ghana",0,0,0,0,0,0,0,0,0,0,0,0,0,0,0,0,0,1,1,0,0,0,0,0,1,0,"GHA","tg","Ghana",1
"199","Guinea",0,0,0,0,0,0,0,0,0,0,0,0,0,0,0,0,0,0,0,0,0,0,0,0,0,0,"GIN","tg","Guinea",0
"200","Guinea-Bissau",0,0,0,0,0,0,0,0,0,0,0,0,0,0,0,0,0,0,0,0,0,0,0,0,0,0,"GNB","tg","Guinea-Bissau",0
"201","Kenya",0,0,0,0,0,0,0,0,0,0,0,0,0,0,0,0,0,0,0,0,0,0,0,0,0,0,"KEN","tg","Kenya",1
"202","Lesotho",0,0,0,0,0,0,0,0,0,0,0,0,0,0,0,0,0,0,0,0,0,0,0,0,0,0,"LSO","tg","Lesotho",1
"203","Liberia",0,0,0,0,0,0,0,0,0,0,0,0,0,0,0,0,0,0,0,0,0,0,0,0,0,0,"LBR","tg","Liberia",0
"204","Madagascar",0,0,0,0,0,0,0,0,0,0,0,0,0,0,0,0,0,0,0,0,0,0,0,0,0,0,"MDG","tg","Madagascar",0
"205","Malawi",0,0,0,0,0,0,0,0,0,0,0,0,0,0,0,0,0,0,0,0,0,0,0,0,0,0,"MWI","tg","Malawi",1
"206","Mali",0,0,0,0,0,0,0,0,0,0,0,0,0,0,0,0,0,0,0,0,0,0,0,0,0,0,"MLI","tg","Mali",0
"207","Mauritania",0,0,0,0,0,0,0,0,0,0,0,0,0,0,0,0,0,0,0,0,0,0,0,0,0,0,"MRT","tg","Mauritania",0
"208","Mauritius",1,0,0,0,0,0,0,0,0,0,0,0,0,0,0,0,0,1,1,0,0,0,1,1,0,0,"MUS","tg","Mauritius",1
"209","Mozambique",0,0,0,0,0,0,0,0,0,0,0,0,0,0,0,0,0,0,0,0,0,0,0,0,0,0,"MOZ","tg","Mozambique",0
"210","Namibia",0,0,0,0,0,0,0,0,0,0,0,0,0,0,0,0,0,0,0,0,0,0,0,0,0,0,"NAM","tg","Nambia",0
"211","Niger",0,0,0,0,0,0,0,0,0,0,0,0,0,0,0,0,0,0,0,0,0,0,0,0,0,0,"NER","tg","Niger",0
"212","Nigeria",0,0,0,0,0,0,0,0,0,0,0,0,0,0,0,0,0,0,0,0,0,0,0,0,0,0,"NGA","tg","Nigeria",1
"213","Rwanda",0,0,0,0,0,0,0,0,0,0,0,0,0,0,0,0,0,0,0,0,0,0,0,0,0,0,"RWA","tg","Rwanda",0
"214","Sao Tome and Principe",0,0,0,0,0,0,0,0,0,0,0,0,0,0,0,0,0,0,0,0,0,0,0,0,0,0,"STP","tg","Sao Tome and Principe",0
"215","Senegal",0,0,0,0,0,0,0,0,0,0,0,0,0,0,0,0,0,0,0,0,0,0,0,0,0,0,"SEN","tg","Senegal",1
"216","Seychelles",0,0,0,0,0,0,0,0,0,0,0,0,0,0,0,0,0,0,0,0,0,0,0,0,0,0,"SYC","tg","Seychelles",0
"217","Sierra Leone",1,1,0,0,0,0,0,0,0,0,0,0,0,1,0,0,0,1,0,1,0,1,1,1,1,0,"SLE","tg","Sierra Leone",1
"218","South Africa",1,0,1,0,0,0,0,0,0,0,0,0,0,0,0,1,0,0,0,0,0,0,1,0,0,0,"ZAF","tg","South Africa",1
"219","South Sudan",0,0,0,0,0,0,0,0,0,0,0,0,0,0,0,0,0,0,0,0,0,0,0,0,0,0,"SSD","tg","South Sudan",0
"220","Swaziland",0,0,0,0,0,0,0,0,0,0,0,0,0,0,0,0,0,0,0,0,0,0,0,0,0,0,"SWZ","tg","Swaziland",0
"221","Togo",0,0,0,0,0,0,0,0,0,0,0,0,0,0,0,0,0,0,0,0,0,0,0,0,0,0,"TGO","tg","Togo",0
"222","Uganda",0,0,0,0,0,0,0,0,0,0,0,0,0,0,0,0,0,0,0,0,0,0,0,0,0,0,"UGA","tg","Uganda",0
"223","Tanzania, United Republic of",0,0,0,0,0,0,0,0,0,0,0,0,0,0,0,0,0,0,0,0,0,0,0,0,0,0,"TZA","tg","United Republic of Tanzania",0
"224","Zambia",0,0,0,0,0,0,0,0,0,0,0,0,0,0,0,0,0,0,0,0,0,0,0,0,0,0,"ZMB","tg","Zambia",0
"225","Zimbabwe",0,0,0,0,0,0,0,0,0,0,0,0,0,0,0,0,0,0,0,0,0,0,0,0,0,0,"ZWE","tg","Zimbabwe",1
